Workbook

Sheet MVP

Sheet Target Date
A1: BDC ROLL-OUT PLAN
A2: Division | B2: Target Date | C2: Scope/Activity | D2: Remarks
A3: Head Office | B3: May 6-10 | C3: Initial deployment, configuration, and validation of biometric data consolidation | D3: Priority users and key departments will be tested first
A4: Ware House | B4: May 11-15 | C4: Deployment to warehouse biometric devices and validation of data syncing | D4: Confirm device connectivity and successful data transfer
A5: Retail Operations | B5: May 16 onwards | C5: Pilot rollout to 100 selected stores with stable internet connectivity | D5: Pilot results will be monitored before full store-wide rollout
A6: Remaining Stores | B6: After successful pilot | C6: Gradual rollout to the remaining stores | D6: Proceed only if no major issues are encountered during the pilot phase
A8: Note:
A9: Full rollout to the remaining stores will proceed after the pilot implementation is validated and no major system, connectivity, or data synchronization issues are identified.
A10: This rollout covers the basic version of the Biometric Data Consolidator Project. After the successful implementation and validation of the basic version, the development of the complete version with additional features and enhancements will begin.

Sheet Stores
A1: System Name | B1: Store Name | C1: Tag | D1: Telco | E1: Biometric Device Brand/Model | F1: Serial Number | G1: IP Address | H1: Rollout Phase
A2: ZHNG | B2: Hinunangan Leyte-FS | C2: Opened Stores | D2: -
A3: ZLSK | B3: Lebak Sultan Kudarat-FS | C3: Opened Stores | D3: -
A4: ZLIL | B4: Liloan Leyte - FS | C4: Opened Stores | D4: -
A5: ONEA | B5: One Ayala | C5: Opened Stores | D5: -
A6: ZCBI | B6: Caibiran Biliran-FS | C6: Opened Stores | D6: -
A7: SMAZ | B7: SM Hypermarket Alabang Zaporte Road | C7: Opened Stores | D7: -
A8: WTCT | B8: Waltermart Concepcion Tarlac | C8: Opened Stores | D8: -
A9: ZLTP | B9: Lantapan Bukidnon-FS | C9: Opened Stores | D9: -
A10: ZKSK | B10: Kalamansig Sultan Kudarat-FS | C10: Opened Stores | D10: -
A11: ZLAK | B11: Laak Commercial Bgld FS | C11: Opened Stores | D11: -
A12: CMAB | B12: Citymall Anabu | C12: Opened Stores | D12: -
A13: ZBDN | B13: Bindoy Negros Oriental-FS | C13: Opened Stores | D13: -
... A19: PIT2 | B19: Paranaque Integrated Terminal Exchange 2 | C19: Opened Stores | D19: -
A20: SGMM | B20: Southgate Mall Makati | C20: Opened Stores | D20: - | E20: ZKTECO | F20: CQUJ233561279 | G20: 192.168.1.201
A21: ZTUA | B21: Tuao Cagayan Valley-FS | C21: Opened Stores | D21: -
A22: ZWAO | B22: Wao Lanao del Sur-FS | C22: Opened Stores | D22: -
A23: TQSM | B23: The Square Mall 2 | C23: Opened Stores | D23: -
A24: ZBNC | B24: Banisilan Cotabato-FS | C24: Opened Stores | D24: -
A25: ZKLC | B25: Kalilangan Centro-FS | C25: Opened Stores | D25: -
A26: SMCD | B26: SM City Daet | C26: Opened Stores | D26: -
A27: SMHI | B27: SM Hypermarket Iloilo | C27: Opened Stores | D27: -
A28: ZBGB | B28: Baungon Bukidnon-FS | C28: Opened Stores | D28: -
A29: AY30 | B29: Ayala Malls The 30th | C29: Opened Stores | D29: - | E29: ZKTECO | F29: AEYU082360215 | G29: 192.168.1.201
A30: ZOES | B30: Oras Eastern Samar-FS | C30: Opened Stores | D30: -
A31: ZSBS | B31: Saint Bernard Southern Leyte-FS | C31: Opened Stores | D31: -
A32: ZBSD | B32: Baloc Sto. Domingo Nueva Ecija-FS | C32: - | D32: -
B33: SM City Puerto Princesa | C33: - | D33: -
A34: ZAFM | B34: AS Fortuna Mandaue-FS | C34: - | D34: -
B35: Red Square Bagbaguin | C35: - | D35: -
B36: SM City Sto. Tomas Batangas | C36: - | D36: -
A37: VSTS | B37: Victory Central Mall Sta. Rosa | C37: Opened Stores | D37: -
A38: LKKC | B38: Limketkai Center | C38: Opened Stores | D38: -
A39: MSMT | B39: Massway Mall Tanay | C39: Opened Stores | D39: - | E39: ZKTECO | F39: ZKM6251700027 | G39: 192.168.1.201
A40: ZLBS | B40: Lamitan Basilan-FS | C40: Opened Stores | D40: -
A41: GSBT | B41: Gaisano Butuan | C41: Opened Stores | D41: -
A42: ZJNO | B42: Jimalalud Negros Oriental-FS | C42: Opened Stores | D42: -
A43: ZCRC | B43: Caramoan Camarines Sur-FS | C43: Opened Stores | D43: -
A44: SMSG | B44: SM Sangandaan | C44: Incoming Stores | D44: -
A45: PMGL | B45: Primark Gilmar | C45: Incoming Stores | D45: -
A46: ZMSU | B46: Marawi MSU-FS | C46: Incoming Stores | D46: -
A47: SPRA | B47: Super 8 Angeles | C47: Opened Stores | D47: -
A48: PGPC | B48: Puregold Paco | C48: Incoming Stores | D48: -
A49: ZSMT | B49: San Miguel Tagum-FS | C49: Opened Stores | D49: -
A50: ZMKL | B50: Makilala North Cotabato-FS | C50: Opened Stores | D50: -
A51: AYMC | B51: Ayala Malls Circuit (Flagship) | C51: Opened Stores | D51: -
... A79: MTCC | B79: Molino Town Center Cavite | C79: Incoming Stores | D79: -
A80: IAPL | B80: iMall Antipolo | C80: Opened Stores | D80: - | E80: FINGERTEC
A81: WMKT | B81: Waltermart Makati | C81: Opened Stores | D81: -
A82: XROD | B82: Xentromall Rodriguez | C82: Opened Stores | D82: - | E82: ZKTECO | F82: CQUJ233561147 | G82: 192.168.1.201
A83: ZMGT | B83: Manggahan Pasig-FS | C83: Opened Stores | D83: - | E83: ZKTECO | F83: ZKM6251700111 | G83: 192.168.1.201
A84: ZBCO | B84: Bulua Cagayan de Oro-FS | C84: Opened Stores | D84: -
A85: ZQPL | B85: Quezon Palawan-FS | C85: Opened Stores | D85: -
A86: SMHA | B86: SM Hypermarket Antipolo | C86: Opened Stores | D86: - | E86: ZKTECO | F86: ZKM651700112 | G86: 192.168.1.201
A87: ZDDO | B87: Dalican Datu Odin Sinsuat-FS | C87: Opened Stores | D87: -
A88: ZLBZ | B88: Labangan Zamboanga-FS | C88: Opened Stores | D88: -
A89: ZMNK | B89: Manukan Zamboanga Del Norte-FS | C89: Opened Stores | D89: -
A90: SMIM | B90: SM Iloilo Markets- Terminal | C90: Opened Stores | D90: -
A91: OPCC | B91: One Pacita Cebu City | C91: Opened Stores | D91: -
A92: STCB | B92: Starmall Talisay Cebu | C92: Opened Stores | D92: -
A93: MGTC | B93: Mangaldan Town Center | C93: Opened Stores | D93: -
A94: ZIBJ | B94: Ibajay Aklan-FS | C94: Opened Stores | D94: -
A95: GGCA | B95: Gaisano Grand Cabadbaran | C95: Opened Stores | D95: -
A96: ZCD2 | B96: Calinan Davao City 2-FS | C96: Opened Stores | D96: -
A97: GSGA | B97: Gaisano Grand Argao | C97: Opened Stores | D97: -
A98: ZMTA | B98: Matina Aplaya-FS | C98: Opened Stores | D98: -
... A125: ZGBI | B125: Guimbal Iloilo | C125: Opened Stores | D125: -
A126: PGTT | B126: Puregold Taytay | C126: Opened Stores | D126: - | E126: ZKTECO | F126: PAS4252900269 | G126: 192.168.1.201
A127: ZAGC | B127: Argao Cebu | C127: Incoming Stores | D127: -
A128: ZSMA | B128: Sta. Maria Bulacan-FS | C128: Incoming Stores | D128: -
A129: RMRG | B129: RMR Guiguinto | C129: Incoming Stores | D129: -
A130: ZSCI | B130: Santa Cruz Ilocos Sur-FS | C130: Incoming Stores | D130: -
A131: ZMD2 | B131: Mati Davao Oriental 2-FS | C131: Incoming Stores | D131: -
A132: ZAMO | B132: Alubijid Misamis Oriental-FS | C132: Incoming Stores | D132: -
A133: ZJMO | B133: Jimenez Misamis Occidental-FS | C133: Incoming Stores | D133: -
A134: ZLMO | B134: Lugait Misamis Oriental-FS | C134: Incoming Stores | D134: -
A135: ZCLT | B135: Carmen Lemon Town CDO-FS | C135: Incoming Stores | D135: -
B136: El Salvador Misamis Oriental-FS | C136: Incoming Stores | D136: -
B137: Tulunan Cotabato-FS | C137: Incoming Stores | D137: -
A138: ZIRO | B138: Irosin Sorsogon-FS | C138: Incoming Stores | D138: -
B139: Xentro Mall Polangui | C139: Incoming Stores | D139: -
A140: MAAC | B140: Maasin Commercial | C140: Incoming Stores | D140: -
B141: Clarin Mall | C141: Incoming Stores | D141: -
A142: VTMN | B142: Vista Mall Nomo | C142: Incoming Stores | D142: -
A143: BTLP | B143: Better Living Paranaque | C143: Incoming Stores | D143: -
A144: EVLC | B144: Evia Lifestyle Center | C144: Incoming Stores | D144: -
A145: ZMGL | B145: Magalang Pampanga-FS | C145: Incoming Stores | D145: -
A146: ZSEM | B146: Sta. Elena Marikina City-FS | C146: Incoming Stores | D146: -
A147: ZEAP | B147: EPZA Angeles Pampanga-FS | C147: Incoming Stores | D147: -
B148: Gmall Gensan | C148: Incoming Stores | D148: -
B149: The Bermuda | C149: Incoming Stores | D149: -
B150: Salay Misamis Oriental-FS | C150: Incoming Stores | D150: -
B151: Pacific Place Baguio | C151: Incoming Stores | D151: -
B152: Waltermart San Rafael | C152: Incoming Stores | D152: -
A153: ZCTR | B153: Cristo Rey Capas-FS | C153: Incoming Stores | D153: -
A154: CMCA | B154: Camalaniugan Cagayan Arcade | C154: Incoming Stores | D154: -
B155: Carmen Cotabato-FS | C155: Incoming Stores | D155: -
A156: ZMOL | B156: Molo Iloilo-FS | C156: Incoming Stores | D156: -
B157: San Joaquin Iloilo-FS | C157: Incoming Stores | D157: -
B158: Mati Davao Oriental 2-FS | C158: Incoming Stores | D158: -
...

Sheet Roll Out Phase Per Store
A1: Division | B1: Code | C1: Name | D1: Location | E1: Cluster | F1: Contact Person | G1: Contact Number | H1: Tag | I1: Telco | J1: Biometric Device Brand/Model | K1: Serial Number | L1: IP Address | M1: Rollout Phase
A2: RTM Operations | B2: NN044 | C2: 999C | D2: 999 Caloocan | E2: NCR North & East | H2: =VLOOKUP(C2,Stores!$A$200:$G$1118,3,0) -> Opened Stores | I2: =VLOOKUP(C2,Stores!$A$200:$G$1118,4,0) -> Stage 7 - Installed | J2: =VLOOKUP(C2,Stores!$A$200:$G$1118,5,0) -> ZKTECO | K2: =VLOOKUP(C2,Stores!$A$200:$G$1118,6,0) -> AKDG012351682 | L2: =VLOOKUP(C2,Stores!$A$200:$G$1118,7,0) -> 192.168.1.201 | M2: Phase 1
A3: RTM Operations | B3: NN037 | C3: ABTC | D3: Zabarte Town Center | E3: NCR North & East | H3: =VLOOKUP(C3,Stores!$A$200:$G$1118,3,0) -> Opened Stores | I3: =VLOOKUP(C3,Stores!$A$200:$G$1118,4,0) -> Stage 7 - Installed | J3: =VLOOKUP(C3,Stores!$A$200:$G$1118,5,0) -> FINGERTEC | K3: =VLOOKUP(C3,Stores!$A$200:$G$1118,6,0) -> 7425858 | L3: =VLOOKUP(C3,Stores!$A$200:$G$1118,7,0) -> 192.168.1.201 | M3: Phase 1
A4: RTM Operations | B4: NN004 | C4: AFLZ | D4: Ayala Feliz | E4: NCR North & East | H4: =VLOOKUP(C4,Stores!$A$200:$G$1118,3,0) -> Opened Stores | I4: =VLOOKUP(C4,Stores!$A$200:$G$1118,4,0) -> Stage 7 - Installed | J4: =VLOOKUP(C4,Stores!$A$200:$G$1118,5,0) -> FINGERTEC | K4: =VLOOKUP(C4,Stores!$A$200:$G$1118,6,0) -> 7417213 | L4: =VLOOKUP(C4,Stores!$A$200:$G$1118,7,0) -> 192.168.1.201 | M4: Phase 1
A5: RTM Operations | B5: NN010 | C5: AFVT | D5: Ayala Fairview Terraces | E5: NCR North & East | H5: =VLOOKUP(C5,Stores!$A$200:$G$1118,3,0) -> Opened Stores | I5: =VLOOKUP(C5,Stores!$A$200:$G$1118,4,0) -> Stage 7 - Installed | J5: =VLOOKUP(C5,Stores!$A$200:$G$1118,5,0) -> FINGERTEC | K5: =VLOOKUP(C5,Stores!$A$200:$G$1118,6,0) -> 7417485 | L5: =VLOOKUP(C5,Stores!$A$200:$G$1118,7,0) -> 192.168.1.201 | M5: Phase 1
A6: RTM Operations | B6: NN085 | C6: ALIM | D6: Ali Mall | E6: NCR North & East | H6: =VLOOKUP(C6,Stores!$A$200:$G$1118,3,0) -> Opened Stores | I6: =VLOOKUP(C6,Stores!$A$200:$G$1118,4,0) -> Stage 7 - Installed | J6: =VLOOKUP(C6,Stores!$A$200:$G$1118,5,0) -> ZKTECO | K6: =VLOOKUP(C6,Stores!$A$200:$G$1118,6,0) -> PAS4252900187 | L6: =VLOOKUP(C6,Stores!$A$200:$G$1118,7,0) -> 192.168.1.201 | M6: Phase 1
A7: RTM Operations | B7: NN006 | C7: AMRK | D7: Ayala Marikina | E7: NCR North & East | H7: =VLOOKUP(C7,Stores!$A$200:$G$1118,3,0) -> Opened Stores | I7: =VLOOKUP(C7,Stores!$A$200:$G$1118,4,0) -> Stage 7 - Installed | J7: =VLOOKUP(C7,Stores!$A$200:$G$1118,5,0) -> ZKTECO | K7: =VLOOKUP(C7,Stores!$A$200:$G$1118,6,0) -> ZKM6245100263 | L7: =VLOOKUP(C7,Stores!$A$200:$G$1118,7,0) -> 192.168.201 | M7: Phase 1
A8: RTM Operations | B8: CG059 | C8: ARDM | D8: Ardi Mall | E8: NCR North & East | H8: =VLOOKUP(C8,Stores!$A$200:$G$1118,3,0) -> Opened Stores | I8: =VLOOKUP(C8,Stores!$A$200:$G$1118,4,0) -> Stage 7 - Installed | J8: =VLOOKUP(C8,Stores!$A$200:$G$1118,5,0) -> ZKTECO | K8: =VLOOKUP(C8,Stores!$A$200:$G$1118,6,0) -> ABN5221960318 | L8: =VLOOKUP(C8,Stores!$A$200:$G$1118,7,0) -> 192.168.1.201 | M8: Phase 1
A9: RTM Operations | B9: NN058 | C9: AYCL | D9: Ayala Cloverleaf | E9: NCR North & East | H9: =VLOOKUP(C9,Stores!$A$200:$G$1118,3,0) -> Opened Stores | I9: =VLOOKUP(C9,Stores!$A$200:$G$1118,4,0) -> Stage 7 - Installed | J9: =VLOOKUP(C9,Stores!$A$200:$G$1118,5,0) -> ZKTECO | K9: =VLOOKUP(C9,Stores!$A$200:$G$1118,6,0) -> AEYU082360228 | L9: =VLOOKUP(C9,Stores!$A$200:$G$1118,7,0) -> 192.168.1.201 | M9: Phase 1
A10: RTM Operations | B10: NN009 | C10: BWMQ | D10: Bluewave Marquinton | E10: NCR North & East | H10: =VLOOKUP(C10,Stores!$A$200:$G$1118,3,0) -> Opened Stores | I10: =VLOOKUP(C10,Stores!$A$200:$G$1118,4,0) -> Stage 7 - Installed | J10: =VLOOKUP(C10,Stores!$A$200:$G$1118,5,0) -> FINGERTEC | K10: =VLOOKUP(C10,Stores!$A$200:$G$1118,6,0) -> 7417201 | L10: =VLOOKUP(C10,Stores!$A$200:$G$1118,7,0) -> 192.168.1.201 | M10: Phase 1
A11: RTM Operations | B11: CG032 | C11: CATP | D11: SM Cherry Antipolo | E11: NCR North & East | H11: =VLOOKUP(C11,Stores!$A$200:$G$1118,3,0) -> Opened Stores | I11: =VLOOKUP(C11,Stores!$A$200:$G$1118,4,0) -> Stage 7 - Installed | J11: =VLOOKUP(C11,Stores!$A$200:$G$1118,5,0) -> FINGERTEC | K11: =VLOOKUP(C11,Stores!$A$200:$G$1118,6,0) -> 7423721 | L11: =VLOOKUP(C11,Stores!$A$200:$G$1118,7,0) -> 192.168.1.201 | M11: Phase 1
A12: RTM Operations | B12: NN012 | C12: CCLC | D12: Circle C | E12: NCR North & East | H12: =VLOOKUP(C12,Stores!$A$200:$G$1118,3,0) -> Opened Stores | I12: =VLOOKUP(C12,Stores!$A$200:$G$1118,4,0) -> Stage 7 - Installed | J12: =VLOOKUP(C12,Stores!$A$200:$G$1118,5,0) -> FINGERTEC | K12: =VLOOKUP(C12,Stores!$A$200:$G$1118,6,0) -> 7419182 | L12: =VLOOKUP(C12,Stores!$A$200:$G$1118,7,0) -> 192.168.1.201 | M12: Phase 1
A13: RTM Operations | B13: NN026 | C13: CFDC | D13: Cherry Foodarama Congressional | E13: NCR North & East | H13: =VLOOKUP(C13,Stores!$A$200:$G$1118,3,0) -> Opened Stores | I13: =VLOOKUP(C13,Stores!$A$200:$G$1118,4,0) -> Stage 7 - Installed | J13: =VLOOKUP(C13,Stores!$A$200:$G$1118,5,0) -> FINGERTEC | K13: =VLOOKUP(C13,Stores!$A$200:$G$1118,6,0) -> 7425874 | L13: =VLOOKUP(C13,Stores!$A$200:$G$1118,7,0) -> 192.168.1.201 | M13: Phase 1
... A101: RTM Operations | B101: NN071 | C101: ZSMD | D101: Suki Market Dapitan - FS | E101: NCR North & East | H101: =VLOOKUP(C101,Stores!$A$200:$G$1118,3,0) -> Opened Stores | I101: =VLOOKUP(C101,Stores!$A$200:$G$1118,4,0) -> Stage 7 - Installed | J101: =VLOOKUP(C101,Stores!$A$200:$G$1118,5,0) -> ZKTECO | K101: =VLOOKUP(C101,Stores!$A$200:$G$1118,6,0) -> CQUJ233560029 | L101: =VLOOKUP(C101,Stores!$A$200:$G$1118,7,0) -> 192.168.1.201 | M101: Phase 1
A102: RTM Operations | B102: MS037 | C102: ZBNC | D102: Banisilan Cotabato-FS | E102: Mindanao 1 | F102: Michael Sambuat | G102: 9658455599 | H102: =VLOOKUP(C102,Stores!$A$200:$G$1118,3,0) -> #N/A | I102: =VLOOKUP(C102,Stores!$A$200:$G$1118,4,0) -> #N/A | J102: =VLOOKUP(C102,Stores!$A$200:$G$1118,5,0) -> #N/A | K102: =VLOOKUP(C102,Stores!$A$200:$G$1118,6,0) -> #N/A | L102: =VLOOKUP(C102,Stores!$A$200:$G$1118,7,0) -> #N/A | M102: Phase 10
A103: RTM Operations | B103: MD060 | C103: ZCD2 | D103: Calinan Davao City 2-FS | E103: Mindanao 1 | F103: April Caga-anan | G103: 9171894643 | H103: =VLOOKUP(C103,Stores!$A$200:$G$1118,3,0) -> #N/A | I103: =VLOOKUP(C103,Stores!$A$200:$G$1118,4,0) -> #N/A | J103: =VLOOKUP(C103,Stores!$A$200:$G$1118,5,0) -> #N/A | K103: =VLOOKUP(C103,Stores!$A$200:$G$1118,6,0) -> #N/A | L103: =VLOOKUP(C103,Stores!$A$200:$G$1118,7,0) -> #N/A | M103: Phase 10
A104: RTM Operations | B104: MT007 | C104: ZDDO | D104: Dalican Maguindanao-FS | E104: Mindanao 1 | F104: Reynand John Cabanalan | G104: 9702517040 | H104: =VLOOKUP(C104,Stores!$A$200:$G$1118,3,0) -> #N/A | I104: =VLOOKUP(C104,Stores!$A$200:$G$1118,4,0) -> #N/A | J104: =VLOOKUP(C104,Stores!$A$200:$G$1118,5,0) -> #N/A | K104: =VLOOKUP(C104,Stores!$A$200:$G$1118,6,0) -> #N/A | L104: =VLOOKUP(C104,Stores!$A$200:$G$1118,7,0) -> #N/A | M104: Phase 10
A105: RTM Operations | B105: MS031 | C105: ZKSK | D105: Kalamansig Sultan Kudarat-FS | E105: Mindanao 1 | F105: Richard Gepilga | G105: 9088671744 | H105: =VLOOKUP(C105,Stores!$A$200:$G$1118,3,0) -> #N/A | I105: =VLOOKUP(C105,Stores!$A$200:$G$1118,4,0) -> #N/A | J105: =VLOOKUP(C105,Stores!$A$200:$G$1118,5,0) -> #N/A | K105: =VLOOKUP(C105,Stores!$A$200:$G$1118,6,0) -> #N/A | L105: =VLOOKUP(C105,Stores!$A$200:$G$1118,7,0) -> #N/A | M105: Phase 10
A106: RTM Operations | B106: MD044 | C106: ZLAK | D106: Laak Commercial Building - FS | E106: Mindanao 1 | F106: Marlon Peral | G106: 9763291296 | H106: =VLOOKUP(C106,Stores!$A$200:$G$1118,3,0) -> #N/A | I106: =VLOOKUP(C106,Stores!$A$200:$G$1118,4,0) -> #N/A | J106: =VLOOKUP(C106,Stores!$A$200:$G$1118,5,0) -> #N/A | K106: =VLOOKUP(C106,Stores!$A$200:$G$1118,6,0) -> #N/A | L106: =VLOOKUP(C106,Stores!$A$200:$G$1118,7,0) -> #N/A | M106: Phase 10
A107: RTM Operations | B107: MS019 | C107: ZLSK | D107: Lebak Sultan Kudarat-FS | E107: Mindanao 1 | F107: Richard Gepilga | G107: 9088671744 | H107: =VLOOKUP(C107,Stores!$A$200:$G$1118,3,0) -> #N/A | I107: =VLOOKUP(C107,Stores!$A$200:$G$1118,4,0) -> #N/A | J107: =VLOOKUP(C107,Stores!$A$200:$G$1118,5,0) -> #N/A | K107: =VLOOKUP(C107,Stores!$A$200:$G$1118,6,0) -> #N/A | L107: =VLOOKUP(C107,Stores!$A$200:$G$1118,7,0) -> #N/A | M107: Phase 10
A108: RTM Operations | B108: MS042 | C108: ZMKL | D108: Makilala North Cotabato-FS | E108: Mindanao 1 | F108: MARY JANE SOLIS | G108: 9190065781 | H108: =VLOOKUP(C108,Stores!$A$200:$G$1118,3,0) -> #N/A | I108: =VLOOKUP(C108,Stores!$A$200:$G$1118,4,0) -> #N/A | J108: =VLOOKUP(C108,Stores!$A$200:$G$1118,5,0) -> #N/A | K108: =VLOOKUP(C108,Stores!$A$200:$G$1118,6,0) -> #N/A | L108: =VLOOKUP(C108,Stores!$A$200:$G$1118,7,0) -> #N/A | M108: Phase 10
A109: RTM Operations | B109: MD043 | C109: ZSAM | D109: Santa Maria Davao Occidental - FS | E109: Mindanao 1 | F109: Gregie Benlot | G109: 9209473589 | H109: =VLOOKUP(C109,Stores!$A$200:$G$1118,3,0) -> #N/A | I109: =VLOOKUP(C109,Stores!$A$200:$G$1118,4,0) -> #N/A | J109: =VLOOKUP(C109,Stores!$A$200:$G$1118,5,0) -> #N/A | K109: =VLOOKUP(C109,Stores!$A$200:$G$1118,6,0) -> #N/A | L109: =VLOOKUP(C109,Stores!$A$200:$G$1118,7,0) -> #N/A | M109: Phase 10
A110: RTM Operations | B110: MD059 | C110: ZSMT | D110: San Miguel Tagum-FS | E110: Mindanao 1 | F110: Chady Gellido | G110: 9171610089 | H110: =VLOOKUP(C110,Stores!$A$200:$G$1118,3,0) -> #N/A | I110: =VLOOKUP(C110,Stores!$A$200:$G$1118,4,0) -> #N/A | J110: =VLOOKUP(C110,Stores!$A$200:$G$1118,5,0) -> #N/A | K110: =VLOOKUP(C110,Stores!$A$200:$G$1118,6,0) -> #N/A | L110: =VLOOKUP(C110,Stores!$A$200:$G$1118,7,0) -> #N/A | M110: Phase 10
A111: RTM Operations | B111: MD046 | C111: ZUDC | D111: Uyanguren Davao City - FS | E111: Mindanao 1 | F111: Jordan Falcon | G111: 639176341749 | H111: =VLOOKUP(C111,Stores!$A$200:$G$1118,3,0) -> #N/A | I111: =VLOOKUP(C111,Stores!$A$200:$G$1118,4,0) -> #N/A | J111: =VLOOKUP(C111,Stores!$A$200:$G$1118,5,0) -> #N/A | K111: =VLOOKUP(C111,Stores!$A$200:$G$1118,6,0) -> #N/A | L111: =VLOOKUP(C111,Stores!$A$200:$G$1118,7,0) -> #N/A | M111: Phase 10
A112: RTM Operations | B112: MA024 | C112: GGCA | D112: Gaisano Grand Cabadbaran | E112: Mindanao 2 | F112: Jayson Gamayon | G112: 9285202534 | H112: =VLOOKUP(C112,Stores!$A$200:$G$1118,3,0) -> #N/A | I112: =VLOOKUP(C112,Stores!$A$200:$G$1118,4,0) -> #N/A | J112: =VLOOKUP(C112,Stores!$A$200:$G$1118,5,0) -> #N/A | K112: =VLOOKUP(C112,Stores!$A$200:$G$1118,6,0) -> #N/A | L112: =VLOOKUP(C112,Stores!$A$200:$G$1118,7,0) -> #N/A | M112: Phase 10
A113: RTM Operations | B113: MA021 | C113: GSBT | D113: Gaisano Butuan | E113: Mindanao 2 | F113: Johnny Coronel | G113: 9563287387 | H113: =VLOOKUP(C113,Stores!$A$200:$G$1118,3,0) -> #N/A | I113: =VLOOKUP(C113,Stores!$A$200:$G$1118,4,0) -> #N/A | J113: =VLOOKUP(C113,Stores!$A$200:$G$1118,5,0) -> #N/A | K113: =VLOOKUP(C113,Stores!$A$200:$G$1118,6,0) -> #N/A | L113: =VLOOKUP(C113,Stores!$A$200:$G$1118,7,0) -> #N/A | M113: Phase 10
... A121: RTM Operations | B121: MT001 | C121: ZWAO | D121: Wao - FS | E121: Mindanao 2 | F121: Narciso Cordova | G121: 9278684106 | H121: =VLOOKUP(C121,Stores!$A$200:$G$1118,3,0) -> #N/A | I121: =VLOOKUP(C121,Stores!$A$200:$G$1118,4,0) -> #N/A | J121: =VLOOKUP(C121,Stores!$A$200:$G$1118,5,0) -> #N/A | K121: =VLOOKUP(C121,Stores!$A$200:$G$1118,6,0) -> #N/A | L121: =VLOOKUP(C121,Stores!$A$200:$G$1118,7,0) -> #N/A | M121: Phase 10
A122: RTM Operations | B122: MO060 | C122: ZBCO | D122: Bulua Cagayan de Oro-FS | E122: Mindanao 2 | H122: =VLOOKUP(C122,Stores!$A$200:$G$1118,3,0) -> #N/A | I122: =VLOOKUP(C122,Stores!$A$200:$G$1118,4,0) -> #N/A | J122: =VLOOKUP(C122,Stores!$A$200:$G$1118,5,0) -> #N/A | K122: =VLOOKUP(C122,Stores!$A$200:$G$1118,6,0) -> #N/A | L122: =VLOOKUP(C122,Stores!$A$200:$G$1118,7,0) -> #N/A | M122: Phase 10
A123: RTM Operations | B123: NN059 | C123: AY30 | D123: Ayala Mall 30th | E123: NCR North & East | H123: =VLOOKUP(C123,Stores!$A$200:$G$1118,3,0) -> #N/A | I123: =VLOOKUP(C123,Stores!$A$200:$G$1118,4,0) -> #N/A | J123: =VLOOKUP(C123,Stores!$A$200:$G$1118,5,0) -> #N/A | K123: =VLOOKUP(C123,Stores!$A$200:$G$1118,6,0) -> #N/A | L123: =VLOOKUP(C123,Stores!$A$200:$G$1118,7,0) -> #N/A | M123: Phase 10
A124: RTM Operations | B124: CG003 | C124: IAPL | D124: iMall Antipolo | E124: NCR North & East | H124: =VLOOKUP(C124,Stores!$A$200:$G$1118,3,0) -> #N/A | I124: =VLOOKUP(C124,Stores!$A$200:$G$1118,4,0) -> #N/A | J124: =VLOOKUP(C124,Stores!$A$200:$G$1118,5,0) -> #N/A | K124: =VLOOKUP(C124,Stores!$A$200:$G$1118,6,0) -> #N/A | L124: =VLOOKUP(C124,Stores!$A$200:$G$1118,7,0) -> #N/A | M124: Phase 10
A125: RTM Operations | B125: CG129 | C125: MSMT | D125: Massway Mall Tanay | E125: NCR North & East | H125: =VLOOKUP(C125,Stores!$A$200:$G$1118,3,0) -> #N/A | I125: =VLOOKUP(C125,Stores!$A$200:$G$1118,4,0) -> #N/A | J125: =VLOOKUP(C125,Stores!$A$200:$G$1118,5,0) -> #N/A | K125: =VLOOKUP(C125,Stores!$A$200:$G$1118,6,0) -> #N/A | L125: =VLOOKUP(C125,Stores!$A$200:$G$1118,7,0) -> #N/A | M125: Phase 10
A126: RTM Operations | B126: CG140 | C126: PGTT | D126: Puregold Taytay | E126: NCR North & East | H126: =VLOOKUP(C126,Stores!$A$200:$G$1118,3,0) -> #N/A | I126: =VLOOKUP(C126,Stores!$A$200:$G$1118,4,0) -> #N/A | J126: =VLOOKUP(C126,Stores!$A$200:$G$1118,5,0) -> #N/A | K126: =VLOOKUP(C126,Stores!$A$200:$G$1118,6,0) -> #N/A | L126: =VLOOKUP(C126,Stores!$A$200:$G$1118,7,0) -> #N/A | M126: Phase 10
A127: RTM Operations | B127: CG125 | C127: SMHA | D127: SM Hypermarket Antipolo | E127: NCR North & East | H127: =VLOOKUP(C127,Stores!$A$200:$G$1118,3,0) -> #N/A | I127: =VLOOKUP(C127,Stores!$A$200:$G$1118,4,0) -> #N/A | J127: =VLOOKUP(C127,Stores!$A$200:$G$1118,5,0) -> #N/A | K127: =VLOOKUP(C127,Stores!$A$200:$G$1118,6,0) -> #N/A | L127: =VLOOKUP(C127,Stores!$A$200:$G$1118,7,0) -> #N/A | M127: Phase 10
A128: RTM Operations | B128: TNN01 | C128: TAFLZ | D128: Ayala Feliz (Mr TOY) | E128: NCR North & East | H128: =VLOOKUP(C128,Stores!$A$200:$G$1118,3,0) -> #N/A | I128: =VLOOKUP(C128,Stores!$A$200:$G$1118,4,0) -> #N/A | J128: =VLOOKUP(C128,Stores!$A$200:$G$1118,5,0) -> #N/A | K128: =VLOOKUP(C128,Stores!$A$200:$G$1118,6,0) -> #N/A | L128: =VLOOKUP(C128,Stores!$A$200:$G$1118,7,0) -> #N/A | M128: Phase 10
A129: RTM Operations | B129: TNN03 | C129: TAMRK | D129: Ayala Marikina (Mr TOY) | E129: NCR North & East | H129: =VLOOKUP(C129,Stores!$A$200:$G$1118,3,0) -> #N/A | I129: =VLOOKUP(C129,Stores!$A$200:$G$1118,4,0) -> #N/A | J129: =VLOOKUP(C129,Stores!$A$200:$G$1118,5,0) -> #N/A | K129: =VLOOKUP(C129,Stores!$A$200:$G$1118,6,0) -> #N/A | L129: =VLOOKUP(C129,Stores!$A$200:$G$1118,7,0) -> #N/A | M129: Phase 10
A130: RTM Operations | B130: TCG01 | C130: TSLUC | D130: Sta. Lucia (Mr TOY) | E130: NCR North & East | H130: =VLOOKUP(C130,Stores!$A$200:$G$1118,3,0) -> #N/A | I130: =VLOOKUP(C130,Stores!$A$200:$G$1118,4,0) -> #N/A | J130: =VLOOKUP(C130,Stores!$A$200:$G$1118,5,0) -> #N/A | K130: =VLOOKUP(C130,Stores!$A$200:$G$1118,6,0) -> #N/A | L130: =VLOOKUP(C130,Stores!$A$200:$G$1118,7,0) -> #N/A | M130: Phase 10
A131: RTM Operations | B131: CG099 | C131: XROD | D131: Xentromall Rodriguez | E131: NCR North & East | H131: =VLOOKUP(C131,Stores!$A$200:$G$1118,3,0) -> #N/A | I131: =VLOOKUP(C131,Stores!$A$200:$G$1118,4,0) -> #N/A | J131: =VLOOKUP(C131,Stores!$A$200:$G$1118,5,0) -> #N/A | K131: =VLOOKUP(C131,Stores!$A$200:$G$1118,6,0) -> #N/A | L131: =VLOOKUP(C131,Stores!$A$200:$G$1118,7,0) -> #N/A | M131: Phase 10
A132: RTM Operations | B132: NN080 | C132: ZMGT | D132: Manggahan Pasig - FS | E132: NCR North & East | H132: =VLOOKUP(C132,Stores!$A$200:$G$1118,3,0) -> #N/A | I132: =VLOOKUP(C132,Stores!$A$200:$G$1118,4,0) -> #N/A | J132: =VLOOKUP(C132,Stores!$A$200:$G$1118,5,0) -> #N/A | K132: =VLOOKUP(C132,Stores!$A$200:$G$1118,6,0) -> #N/A | L132: =VLOOKUP(C132,Stores!$A$200:$G$1118,7,0) -> #N/A | M132: Phase 10
A133: RTM Operations | B133: CG096 | C133: CMAB | D133: Citymall Anabu | E133: NCR South & CALAPA | H133: =VLOOKUP(C133,Stores!$A$200:$G$1118,3,0) -> #N/A | I133: =VLOOKUP(C133,Stores!$A$200:$G$1118,4,0) -> #N/A | J133: =VLOOKUP(C133,Stores!$A$200:$G$1118,5,0) -> #N/A | K133: =VLOOKUP(C133,Stores!$A$200:$G$1118,6,0) -> #N/A | L133: =VLOOKUP(C133,Stores!$A$200:$G$1118,7,0) -> #N/A | M133: Phase 10
... A577: RTM Operations | B577: VW007 | C577: SCDZ | D577: SM Hypermarket Cadiz | E577: Visayas 1 | H577: =VLOOKUP(C577,Stores!$A$200:$G$1118,3,0) -> Opened Stores | I577: =VLOOKUP(C577,Stores!$A$200:$G$1118,4,0) -> Stage 7 - Installed | J577: =VLOOKUP(C577,Stores!$A$200:$G$1118,5,0) -> FINGERTEC | K577: =VLOOKUP(C577,Stores!$A$200:$G$1118,6,0) -> 7420086 | L577: =VLOOKUP(C577,Stores!$A$200:$G$1118,7,0) -> 192.168.1.201 | M577: Phase 6
A578: RTM Operations | B578: VW017 | C578: SHDM | D578: #N/A | E578: Visayas 1 | H578: =VLOOKUP(C578,Stores!$A$200:$G$1118,3,0) -> Opened Stores | I578: =VLOOKUP(C578,Stores!$A$200:$G$1118,4,0) -> Stage 7 - Installed | J578: =VLOOKUP(C578,Stores!$A$200:$G$1118,5,0) -> FINGERTEC | K578: =VLOOKUP(C578,Stores!$A$200:$G$1118,6,0) -> 7423458 | L578: =VLOOKUP(C578,Stores!$A$200:$G$1118,7,0) -> 192.168.1.201 | M578: Phase 6
A579: RTM Operations | B579: VW012 | C579: SMFT | D579: Savemore Market Fortune Town | E579: Visayas 1 | H579: =VLOOKUP(C579,Stores!$A$200:$G$1118,3,0) -> Opened Stores | I579: =VLOOKUP(C579,Stores!$A$200:$G$1118,4,0) -> Stage 7 - Installed | J579: =VLOOKUP(C579,Stores!$A$200:$G$1118,5,0) -> FINGERTEC | K579: =VLOOKUP(C579,Stores!$A$200:$G$1118,6,0) -> 7423449 | L579: =VLOOKUP(C579,Stores!$A$200:$G$1118,7,0) -> 192.168.1.201 | M579: Phase 6
A580: RTM Operations | B580: VV065 | C580: VIBP | D580: Vibo Place | E580: Visayas 1 | H580: =VLOOKUP(C580,Stores!$A$200:$G$1118,3,0) -> Opened Stores | I580: =VLOOKUP(C580,Stores!$A$200:$G$1118,4,0) -> Stage 7 - Installed | J580: =VLOOKUP(C580,Stores!$A$200:$G$1118,5,0) -> ZKTECO | K580: =VLOOKUP(C580,Stores!$A$200:$G$1118,6,0) -> CQUJ233560040 | L580: =VLOOKUP(C580,Stores!$A$200:$G$1118,7,0) -> 192.168.1.201 | M580: Phase 6
A581: RTM Operations | B581: VW093 | C581: VSMO | D581: Vista Mall Oton | E581: Visayas 1 | H581: =VLOOKUP(C581,Stores!$A$200:$G$1118,3,0) -> Opened Stores | I581: =VLOOKUP(C581,Stores!$A$200:$G$1118,4,0) -> Stage 7 - Installed | J581: =VLOOKUP(C581,Stores!$A$200:$G$1118,5,0) -> ZKTECO | K581: =VLOOKUP(C581,Stores!$A$200:$G$1118,6,0) -> PAS4252900289 | L581: =VLOOKUP(C581,Stores!$A$200:$G$1118,7,0) -> 192.168.1.201 | M581: Phase 6
A582: RTM Operations | B582: VW019 | C582: CTAG | D582: Citymall Tagbak | E582: Visayas 1 | H582: =VLOOKUP(C582,Stores!$A$200:$G$1118,3,0) -> Opened Stores | I582: =VLOOKUP(C582,Stores!$A$200:$G$1118,4,0) -> Stage 7 - Installed | J582: =VLOOKUP(C582,Stores!$A$200:$G$1118,5,0) -> FINGERTEC | K582: =VLOOKUP(C582,Stores!$A$200:$G$1118,6,0) -> 7425415 | L582: =VLOOKUP(C582,Stores!$A$200:$G$1118,7,0) -> 192.168.1.201 | M582: Phase 6
A583: RTM Operations | B583: VW088 | C583: ZAJI | D583: Ajuy Iloilo-FS | E583: Visayas 1 | H583: =VLOOKUP(C583,Stores!$A$200:$G$1118,3,0) -> Opened Stores | I583: =VLOOKUP(C583,Stores!$A$200:$G$1118,4,0) -> Stage 7 - Installed | J583: =VLOOKUP(C583,Stores!$A$200:$G$1118,5,0) -> ZKTECO | K583: =VLOOKUP(C583,Stores!$A$200:$G$1118,6,0) -> ZKM6251700025 | L583: =VLOOKUP(C583,Stores!$A$200:$G$1118,7,0) -> 192.168.1.201 | M583: Phase 6
A584: RTM Operations | B584: VW048 | C584: ZANO | D584: Ayungon Negros Oriental-FS | E584: Visayas 1 | H584: =VLOOKUP(C584,Stores!$A$200:$G$1118,3,0) -> Opened Stores | I584: =VLOOKUP(C584,Stores!$A$200:$G$1118,4,0) -> Stage 7 - Installed | J584: =VLOOKUP(C584,Stores!$A$200:$G$1118,5,0) -> ZKTECO | K584: =VLOOKUP(C584,Stores!$A$200:$G$1118,6,0) -> CQUJ233561090 | L584: =VLOOKUP(C584,Stores!$A$200:$G$1118,7,0) -> 192.168.1.201 | M584: Phase 6
A585: RTM Operations | B585: VW054 | C585: ZAPB | D585: Amar Plaza Bacolod-FS | E585: Visayas 1 | H585: =VLOOKUP(C585,Stores!$A$200:$G$1118,3,0) -> Opened Stores | I585: =VLOOKUP(C585,Stores!$A$200:$G$1118,4,0) -> Stage 7 - Installed | J585: =VLOOKUP(C585,Stores!$A$200:$G$1118,5,0) -> ZKTECO | K585: =VLOOKUP(C585,Stores!$A$200:$G$1118,6,0) -> CQUJ232260332 | L585: =VLOOKUP(C585,Stores!$A$200:$G$1118,7,0) -> 192.168.1.201 | M585: Phase 6
A586: RTM Operations | B586: VW091 | C586: ZAVA | D586: Altavas Aklan-FS | E586: Visayas 1 | H586: =VLOOKUP(C586,Stores!$A$200:$G$1118,3,0) -> Opened Stores | I586: =VLOOKUP(C586,Stores!$A$200:$G$1118,4,0) -> Stage 7 - Installed | J586: =VLOOKUP(C586,Stores!$A$200:$G$1118,5,0) -> ZKTECO | K586: =VLOOKUP(C586,Stores!$A$200:$G$1118,6,0) -> PAS4252900008 | L586: =VLOOKUP(C586,Stores!$A$200:$G$1118,7,0) -> 192.168.1.201 | M586: Phase 6
A587: RTM Operations | B587: VV049 | C587: ZBAN | D587: Bayawan Negros Oriental-FS | E587: Visayas 1 | H587: =VLOOKUP(C587,Stores!$A$200:$G$1118,3,0) -> Opened Stores | I587: =VLOOKUP(C587,Stores!$A$200:$G$1118,4,0) -> Stage 7 - Installed | J587: =VLOOKUP(C587,Stores!$A$200:$G$1118,5,0) -> ZKTECO | K587: =VLOOKUP(C587,Stores!$A$200:$G$1118,6,0) -> AEYU082360198 | L587: =VLOOKUP(C587,Stores!$A$200:$G$1118,7,0) -> 192.168.1.201 | M587: Phase 6
A588: RTM Operations | B588: VW016 | C588: ZBGC | D588: Bago City-FS | E588: Visayas 1 | H588: =VLOOKUP(C588,Stores!$A$200:$G$1118,3,0) -> Opened Stores | I588: =VLOOKUP(C588,Stores!$A$200:$G$1118,4,0) -> Stage 7 - Installed | J588: =VLOOKUP(C588,Stores!$A$200:$G$1118,5,0) -> FINGERTEC | K588: =VLOOKUP(C588,Stores!$A$200:$G$1118,6,0) -> 7421972 | L588: =VLOOKUP(C588,Stores!$A$200:$G$1118,7,0) -> 192.168.1.201 | M588: Phase 6
A589: RTM Operations | B589: VW069 | C589: ZBGK | D589: Banga Aklan-FS | E589: Visayas 1 | H589: =VLOOKUP(C589,Stores!$A$200:$G$1118,3,0) -> Opened Stores | I589: =VLOOKUP(C589,Stores!$A$200:$G$1118,4,0) -> Stage 7 - Installed | J589: =VLOOKUP(C589,Stores!$A$200:$G$1118,5,0) -> ZKTECO | K589: =VLOOKUP(C589,Stores!$A$200:$G$1118,6,0) -> ZKM6245100265 | L589: =VLOOKUP(C589,Stores!$A$200:$G$1118,7,0) -> 192.168.1.201 | M589: Phase 6
A590: RTM Operations | B590: VV037 | C590: ZBNG | D590: Bais Negros Oriental-FS | E590: Visayas 1 | H590: =VLOOKUP(C590,Stores!$A$200:$G$1118,3,0) -> Opened Stores | I590: =VLOOKUP(C590,Stores!$A$200:$G$1118,4,0) -> Stage 7 - Installed | J590: =VLOOKUP(C590,Stores!$A$200:$G$1118,5,0) -> ZKTECO | K590: =VLOOKUP(C590,Stores!$A$200:$G$1118,6,0) -> CQUJ233560674 | L590: =VLOOKUP(C590,Stores!$A$200:$G$1118,7,0) -> 192.168.1.201 | M590: Phase 6
... A667: RTM Operations | B667: VV015 | C667: APMC | D667: APM Centrale | E667: Visayas 2 | H667: =VLOOKUP(C667,Stores!$A$200:$G$1118,3,0) -> Opened Stores | I667: =VLOOKUP(C667,Stores!$A$200:$G$1118,4,0) -> Stage 7 - Installed | J667: =VLOOKUP(C667,Stores!$A$200:$G$1118,5,0) -> FINGERTEC | K667: =VLOOKUP(C667,Stores!$A$200:$G$1118,6,0) -> 7425660 | L667: =VLOOKUP(C667,Stores!$A$200:$G$1118,7,0) -> 192.168.1.202 | M667: Phase 6
A668: RTM Operations | B668: MT005 | C668: AINM | D668: Al Nor Mall | E668: Mindanao 1 | F668: Usman Hassan | G668: 9399818337 | H668: =VLOOKUP(C668,Stores!$A$200:$G$1118,3,0) -> Opened Stores | I668: =VLOOKUP(C668,Stores!$A$200:$G$1118,4,0) -> Stage 7 - Installed | J668: =VLOOKUP(C668,Stores!$A$200:$G$1118,5,0) -> ZKTECO | K668: =VLOOKUP(C668,Stores!$A$200:$G$1118,6,0) -> ZKM6251400200 | L668: =VLOOKUP(C668,Stores!$A$200:$G$1118,7,0) -> 192.168.1.201 | M668: Phase 7
A669: RTM Operations | B669: MD006 | C669: AYAB | D669: Ayala Abreeza | E669: Mindanao 1 | F669: Bing Ian Wong | G669: 9177056216 | H669: =VLOOKUP(C669,Stores!$A$200:$G$1118,3,0) -> Opened Stores | I669: =VLOOKUP(C669,Stores!$A$200:$G$1118,4,0) -> Stage 7 - Installed | J669: =VLOOKUP(C669,Stores!$A$200:$G$1118,5,0) -> FINGERTEC | K669: =VLOOKUP(C669,Stores!$A$200:$G$1118,6,0) -> 7425398 | L669: =VLOOKUP(C669,Stores!$A$200:$G$1118,7,0) -> 192.168.1.201 | M669: Phase 7
A670: RTM Operations | B670: MS001 | C670: CISL | D670: Citymall Isulan | E670: Mindanao 1 | F670: Sheryl Omandam | G670: 9992237545 | H670: =VLOOKUP(C670,Stores!$A$200:$G$1118,3,0) -> Opened Stores | I670: =VLOOKUP(C670,Stores!$A$200:$G$1118,4,0) -> Stage 7 - Installed | J670: =VLOOKUP(C670,Stores!$A$200:$G$1118,5,0) -> ZKTECO | K670: =VLOOKUP(C670,Stores!$A$200:$G$1118,6,0) -> ZKM6245100222 | L670: =VLOOKUP(C670,Stores!$A$200:$G$1118,7,0) -> 192.168.1.201 | M670: Phase 7
A671: RTM Operations | B671: MD012 | C671: DGBC | D671: Digos Business Center | E671: Mindanao 1 | F671: Julius Antiporta | G671: 9209683941 | H671: =VLOOKUP(C671,Stores!$A$200:$G$1118,3,0) -> Opened Stores | I671: =VLOOKUP(C671,Stores!$A$200:$G$1118,4,0) -> Stage 7 - Installed | J671: =VLOOKUP(C671,Stores!$A$200:$G$1118,5,0) -> ZKTECO | K671: =VLOOKUP(C671,Stores!$A$200:$G$1118,6,0) -> PAS4252500079 | L671: =VLOOKUP(C671,Stores!$A$200:$G$1118,7,0) -> 192.168.1.201 | M671: Phase 7
A672: RTM Operations | B672: MD037 | C672: CTPP | D672: Center Point Plaza | E672: Mindanao 1 | F672: Jonathan San Pablo | G672: 9989748770 | H672: =VLOOKUP(C672,Stores!$A$200:$G$1118,3,0) -> Opened Stores | I672: =VLOOKUP(C672,Stores!$A$200:$G$1118,4,0) -> Stage 7 - Installed | J672: =VLOOKUP(C672,Stores!$A$200:$G$1118,5,0) -> ZKTECO | K672: =VLOOKUP(C672,Stores!$A$200:$G$1118,6,0) -> CQUJ233561452 | L672: =VLOOKUP(C672,Stores!$A$200:$G$1118,7,0) -> 192.168.1.201 | M672: Phase 7
A673: RTM Operations | B673: MD025 | C673: CWHL | D673: Central Warehouse Lupon | E673: Mindanao 1 | F673: Jenny Ronda | G673: 9305225661 | H673: =VLOOKUP(C673,Stores!$A$200:$G$1118,3,0) -> Opened Stores | I673: =VLOOKUP(C673,Stores!$A$200:$G$1118,4,0) -> Stage 7 - Installed | J673: =VLOOKUP(C673,Stores!$A$200:$G$1118,5,0) -> ZKTECO | K673: =VLOOKUP(C673,Stores!$A$200:$G$1118,6,0) -> AEYU082360221 | L673: =VLOOKUP(C673,Stores!$A$200:$G$1118,7,0) -> 192.168.1.201 | M673: Phase 7
A674: RTM Operations | B674: MS028 | C674: CWKI | D674: Central Warehouse Kidapawan | E674: Mindanao 1 | F674: Aniceto Jayson Catacutan | G674: 9989599745 | H674: =VLOOKUP(C674,Stores!$A$200:$G$1118,3,0) -> Opened Stores | I674: =VLOOKUP(C674,Stores!$A$200:$G$1118,4,0) -> Stage 7 - Installed | J674: =VLOOKUP(C674,Stores!$A$200:$G$1118,5,0) -> ZKTECO | K674: =VLOOKUP(C674,Stores!$A$200:$G$1118,6,0) -> CQUJ233561145 | L674: =VLOOKUP(C674,Stores!$A$200:$G$1118,7,0) -> 192.168.1.201 | M674: Phase 7
A675: RTM Operations | B675: MD052 | C675: CWPB | D675: Central Warehouse Panabo | E675: Mindanao 1 | F675: Kimberly Penaranda | G675: 9190931486 | H675: =VLOOKUP(C675,Stores!$A$200:$G$1118,3,0) -> Opened Stores | I675: =VLOOKUP(C675,Stores!$A$200:$G$1118,4,0) -> Stage 7 - Installed | J675: =VLOOKUP(C675,Stores!$A$200:$G$1118,5,0) -> ZKTECO | K675: =VLOOKUP(C675,Stores!$A$200:$G$1118,6,0) -> PAS4252500058 | L675: =VLOOKUP(C675,Stores!$A$200:$G$1118,7,0) -> 192.168.1.201 | M675: Phase 7
A676: RTM Operations | B676: MD002 | C676: GDGS | D676: Gaisano Digos | E676: Mindanao 1 | F676: Julius Antiporta | G676: 9209683941 | H676: =VLOOKUP(C676,Stores!$A$200:$G$1118,3,0) -> Opened Stores | I676: =VLOOKUP(C676,Stores!$A$200:$G$1118,4,0) -> Stage 7 - Installed | J676: =VLOOKUP(C676,Stores!$A$200:$G$1118,5,0) -> FINGERTEC | K676: =VLOOKUP(C676,Stores!$A$200:$G$1118,6,0) -> 7417479 | L676: =VLOOKUP(C676,Stores!$A$200:$G$1118,7,0) -> 192.168.1.201 | M676: Phase 7
A677: RTM Operations | B677: MD032 | C677: GGCB | D677: Gaisano Grand City Gate Buhangin | E677: Mindanao 1 | F677: Sheryl Rumay | G677: 9989602091 | H677: =VLOOKUP(C677,Stores!$A$200:$G$1118,3,0) -> Opened Stores | I677: =VLOOKUP(C677,Stores!$A$200:$G$1118,4,0) -> Stage 7 - Installed | J677: =VLOOKUP(C677,Stores!$A$200:$G$1118,5,0) -> ZKTECO | K677: =VLOOKUP(C677,Stores!$A$200:$G$1118,6,0) -> CQUJ233560036 | L677: =VLOOKUP(C677,Stores!$A$200:$G$1118,7,0) -> 192.168.1.201 | M677: Phase 7
A678: RTM Operations | B678: MD011 | C678: GGMD | D678: Gaisano Grand Marketplace Digos | E678: Mindanao 1 | F678: Julius Antiporta | G678: 9209683941 | H678: =VLOOKUP(C678,Stores!$A$200:$G$1118,3,0) -> Opened Stores | I678: =VLOOKUP(C678,Stores!$A$200:$G$1118,4,0) -> Stage 7 - Installed | J678: =VLOOKUP(C678,Stores!$A$200:$G$1118,5,0) -> ZKTECO | K678: =VLOOKUP(C678,Stores!$A$200:$G$1118,6,0) -> A8N5221860479 | L678: =VLOOKUP(C678,Stores!$A$200:$G$1118,7,0) -> 192.168.1.201 | M678: Phase 7
A679: RTM Operations | B679: MD028 | C679: GGPA | D679: Gaisano Grand Panabo | E679: Mindanao 1 | F679: Kimberly Penaranda | G679: 9190931486 | H679: =VLOOKUP(C679,Stores!$A$200:$G$1118,3,0) -> Opened Stores | I679: =VLOOKUP(C679,Stores!$A$200:$G$1118,4,0) -> Stage 7 - Installed | J679: =VLOOKUP(C679,Stores!$A$200:$G$1118,5,0) -> ZKTECO | K679: =VLOOKUP(C679,Stores!$A$200:$G$1118,6,0) -> AEYU082360260 | L679: =VLOOKUP(C679,Stores!$A$200:$G$1118,7,0) -> 192.168.1.201 | M679: Phase 7
... A682: RTM Operations | B682: MD029 | C682: GGTB | D682: Gaisano Grand Tibungco | E682: Mindanao 1 | F682: Jordan Falcon | G682: 639176341749 | H682: =VLOOKUP(C682,Stores!$A$200:$G$1118,3,0) -> Opened Stores | I682: =VLOOKUP(C682,Stores!$A$200:$G$1118,4,0) -> Stage 7 - Installed | J682: =VLOOKUP(C682,Stores!$A$200:$G$1118,5,0) -> ZKTECO | K682: =VLOOKUP(C682,Stores!$A$200:$G$1118,6,0) -> AEYU082360239 | L682: =VLOOKUP(C682,Stores!$A$200:$G$1118,7,0) -> 192.168.1.201 | M682: Phase 7
A683: RTM Operations | B683: VE019 | C683: BBCM | D683: Baybay Central Mall | E683: Visayas 2 | H683: =VLOOKUP(C683,Stores!$A$200:$G$1118,3,0) -> Opened Stores | I683: =VLOOKUP(C683,Stores!$A$200:$G$1118,4,0) -> Stage 7 - Installed | J683: =VLOOKUP(C683,Stores!$A$200:$G$1118,5,0) -> ZKTECO | K683: =VLOOKUP(C683,Stores!$A$200:$G$1118,6,0) -> AKDG012350212 | L683: =VLOOKUP(C683,Stores!$A$200:$G$1118,7,0) -> 192.168.1.201 | M683: Phase 7
A684: RTM Operations | B684: VV055 | C684: BBML | D684: Babag Mall Lapu Lapu City | E684: Visayas 2 | H684: =VLOOKUP(C684,Stores!$A$200:$G$1118,3,0) -> Opened Stores | I684: =VLOOKUP(C684,Stores!$A$200:$G$1118,4,0) -> Stage 7 - Installed | J684: =VLOOKUP(C684,Stores!$A$200:$G$1118,5,0) -> ZKTECO | K684: =VLOOKUP(C684,Stores!$A$200:$G$1118,6,0) -> CQUJ233560317 | L684: =VLOOKUP(C684,Stores!$A$200:$G$1118,7,0) -> 192.168.1.201 | M684: Phase 7
A685: RTM Operations | B685: VV038 | C685: BGCC | D685: Bogo City Centrium | E685: Visayas 2 | H685: =VLOOKUP(C685,Stores!$A$200:$G$1118,3,0) -> Opened Stores | I685: =VLOOKUP(C685,Stores!$A$200:$G$1118,4,0) -> Stage 7 - Installed | J685: =VLOOKUP(C685,Stores!$A$200:$G$1118,5,0) -> ZKTECO | K685: =VLOOKUP(C685,Stores!$A$200:$G$1118,6,0) -> AKDG012350201 | L685: =VLOOKUP(C685,Stores!$A$200:$G$1118,7,0) -> 192.168.1.201 | M685: Phase 7
A686: RTM Operations | B686: VV016 | C686: CBCS | D686: Citymall Bacalso | E686: Visayas 2 | H686: =VLOOKUP(C686,Stores!$A$200:$G$1118,3,0) -> Opened Stores | I686: =VLOOKUP(C686,Stores!$A$200:$G$1118,4,0) -> Stage 7 - Installed | J686: =VLOOKUP(C686,Stores!$A$200:$G$1118,5,0) -> FINGERTEC | K686: =VLOOKUP(C686,Stores!$A$200:$G$1118,6,0) -> 7425643 | L686: =VLOOKUP(C686,Stores!$A$200:$G$1118,7,0) -> 192.168.1.201 | M686: Phase 7
A687: RTM Operations | B687: VV001 | C687: CDNA | D687: Citymall Danao | E687: Visayas 2 | H687: =VLOOKUP(C687,Stores!$A$200:$G$1118,3,0) -> Opened Stores | I687: =VLOOKUP(C687,Stores!$A$200:$G$1118,4,0) -> Stage 7 - Installed | J687: =VLOOKUP(C687,Stores!$A$200:$G$1118,5,0) -> FINGERTEC | K687: =VLOOKUP(C687,Stores!$A$200:$G$1118,6,0) -> 7422872 | L687: =VLOOKUP(C687,Stores!$A$200:$G$1118,7,0) -> 192.168.1.201 | M687: Phase 7
A688: RTM Operations | B688: VV064 | C688: CTMC | D688: City Mall Consolacion | E688: Visayas 2 | H688: =VLOOKUP(C688,Stores!$A$200:$G$1118,3,0) -> Opened Stores | I688: =VLOOKUP(C688,Stores!$A$200:$G$1118,4,0) -> Stage 7 - Installed | J688: =VLOOKUP(C688,Stores!$A$200:$G$1118,5,0) -> ZKTECO | K688: =VLOOKUP(C688,Stores!$A$200:$G$1118,6,0) -> CQUJ232260091 | L688: =VLOOKUP(C688,Stores!$A$200:$G$1118,7,0) -> 192.168.1.201 | M688: Phase 7
A689: RTM Operations | B689: VV044 | C689: CTPI | D689: CTPI Cordova Cebu | E689: Visayas 2 | H689: =VLOOKUP(C689,Stores!$A$200:$G$1118,3,0) -> Opened Stores | I689: =VLOOKUP(C689,Stores!$A$200:$G$1118,4,0) -> Stage 7 - Installed | J689: =VLOOKUP(C689,Stores!$A$200:$G$1118,5,0) -> ZKTECO | K689: =VLOOKUP(C689,Stores!$A$200:$G$1118,6,0) -> AEYU082360272 | L689: =VLOOKUP(C689,Stores!$A$200:$G$1118,7,0) -> 192.168.1.201 | M689: Phase 7
A690: RTM Operations | B690: VV004 | C690: EZBH | D690: Elizabeth Mall | E690: Visayas 2 | H690: =VLOOKUP(C690,Stores!$A$200:$G$1118,3,0) -> Opened Stores | I690: =VLOOKUP(C690,Stores!$A$200:$G$1118,4,0) -> Stage 7 - Installed | J690: =VLOOKUP(C690,Stores!$A$200:$G$1118,5,0) -> FINGERTEC | K690: =VLOOKUP(C690,Stores!$A$200:$G$1118,6,0) -> 7419186 | L690: =VLOOKUP(C690,Stores!$A$200:$G$1118,7,0) -> 192.168.1.201 | M690: Phase 7
A691: RTM Operations | B691: VV052 | C691: GGBA | D691: Gaisano Grand Balamban | E691: Visayas 2 | H691: =VLOOKUP(C691,Stores!$A$200:$G$1118,3,0) -> Opened Stores | I691: =VLOOKUP(C691,Stores!$A$200:$G$1118,4,0) -> Stage 7 - Installed | J691: =VLOOKUP(C691,Stores!$A$200:$G$1118,5,0) -> ZKTECO | K691: =VLOOKUP(C691,Stores!$A$200:$G$1118,6,0) -> CQUJ233560642 | L691: =VLOOKUP(C691,Stores!$A$200:$G$1118,7,0) -> 192.168.1.201 | M691: Phase 7
A692: RTM Operations | B692: VV053 | C692: GGMA | D692: Gaisano Grand Mactan | E692: Visayas 2 | H692: =VLOOKUP(C692,Stores!$A$200:$G$1118,3,0) -> Opened Stores | I692: =VLOOKUP(C692,Stores!$A$200:$G$1118,4,0) -> Stage 7 - Installed | J692: =VLOOKUP(C692,Stores!$A$200:$G$1118,5,0) -> ZKTECO | K692: =VLOOKUP(C692,Stores!$A$200:$G$1118,6,0) -> CQUJ233560822 | L692: =VLOOKUP(C692,Stores!$A$200:$G$1118,7,0) -> 192.168.1.201 | M692: Phase 7
A693: RTM Operations | B693: VV082 | C693: GGMC | D693: Gaisano Grand Mandaue Centro | E693: Visayas 2 | H693: =VLOOKUP(C693,Stores!$A$200:$G$1118,3,0) -> Opened Stores | I693: =VLOOKUP(C693,Stores!$A$200:$G$1118,4,0) -> Stage 7 - Installed | J693: =VLOOKUP(C693,Stores!$A$200:$G$1118,5,0) -> ZKTECO | K693: =VLOOKUP(C693,Stores!$A$200:$G$1118,6,0) -> ZKM6251500180 | L693: =VLOOKUP(C693,Stores!$A$200:$G$1118,7,0) -> 192.168.1.201 | M693: Phase 7
A694: RTM Operations | B694: VV083 | C694: GGMN | D694: Gaisano Grand Mandaue North | E694: Visayas 2 | H694: =VLOOKUP(C694,Stores!$A$200:$G$1118,3,0) -> Opened Stores | I694: =VLOOKUP(C694,Stores!$A$200:$G$1118,4,0) -> Stage 7 - Installed | J694: =VLOOKUP(C694,Stores!$A$200:$G$1118,5,0) -> ZKTECO | K694: =VLOOKUP(C694,Stores!$A$200:$G$1118,6,0) -> ZKM6251700179 | L694: =VLOOKUP(C694,Stores!$A$200:$G$1118,7,0) -> 192.168.1.201 | M694: Phase 7
... A767: RTM Operations | B767: VE008 | C767: ZVNB | D767: Naval Biliran-FS | E767: Visayas 2 | H767: =VLOOKUP(C767,Stores!$A$200:$G$1118,3,0) -> Opened Stores | I767: =VLOOKUP(C767,Stores!$A$200:$G$1118,4,0) -> Stage 7 - Installed | J767: =VLOOKUP(C767,Stores!$A$200:$G$1118,5,0) -> FINGERTEC | K767: =VLOOKUP(C767,Stores!$A$200:$G$1118,6,0) -> 7425890 | L767: =VLOOKUP(C767,Stores!$A$200:$G$1118,7,0) -> 192.168.1.43 | M767: Phase 7
A768: RTM Operations | B768: MD033 | C768: GGTR | D768: Gaisano Grand Toril | E768: Mindanao 1 | F768: Jonathan San Pablo | G768: 9989748770 | H768: =VLOOKUP(C768,Stores!$A$200:$G$1118,3,0) -> Opened Stores | I768: =VLOOKUP(C768,Stores!$A$200:$G$1118,4,0) -> Stage 7 - Installed | J768: =VLOOKUP(C768,Stores!$A$200:$G$1118,5,0) -> ZKTECO | K768: =VLOOKUP(C768,Stores!$A$200:$G$1118,6,0) -> CQUJ233560544 | L768: =VLOOKUP(C768,Stores!$A$200:$G$1118,7,0) -> 192.168.1.201 | M768: Phase 8
A769: RTM Operations | B769: MD005 | C769: GMDV | D769: Gmall Davao | E769: Mindanao 1 | F769: April Caga-anan | G769: 9171894643 | H769: =VLOOKUP(C769,Stores!$A$200:$G$1118,3,0) -> Opened Stores | I769: =VLOOKUP(C769,Stores!$A$200:$G$1118,4,0) -> Stage 7 - Installed | J769: =VLOOKUP(C769,Stores!$A$200:$G$1118,5,0) -> FINGERTEC | K769: =VLOOKUP(C769,Stores!$A$200:$G$1118,6,0) -> 7424187 | L769: =VLOOKUP(C769,Stores!$A$200:$G$1118,7,0) -> 192.168.1.201 | M769: Phase 8
A770: RTM Operations | B770: MD057 | C770: GSGC | D770: Gaisano Grand Mall Carmen | E770: Mindanao 1 | F770: Bing Ian Wong | G770: 9177056216 | H770: =VLOOKUP(C770,Stores!$A$200:$G$1118,3,0) -> Opened Stores | I770: =VLOOKUP(C770,Stores!$A$200:$G$1118,4,0) -> Stage 7 - Installed | J770: =VLOOKUP(C770,Stores!$A$200:$G$1118,5,0) -> ZKTECO | K770: =VLOOKUP(C770,Stores!$A$200:$G$1118,6,0) -> ZKM6251700033 | L770: =VLOOKUP(C770,Stores!$A$200:$G$1118,7,0) -> 192.168.1.201 | M770: Phase 8
A771: RTM Operations | B771: MD004 | C771: GTGM | D771: Gaisano Tagum | E771: Mindanao 1 | F771: Chady Gellido | G771: 9171610089 | H771: =VLOOKUP(C771,Stores!$A$200:$G$1118,3,0) -> Opened Stores | I771: =VLOOKUP(C771,Stores!$A$200:$G$1118,4,0) -> Stage 7 - Installed | J771: =VLOOKUP(C771,Stores!$A$200:$G$1118,5,0) -> FINGERTEC | K771: =VLOOKUP(C771,Stores!$A$200:$G$1118,6,0) -> 7417487 | L771: =VLOOKUP(C771,Stores!$A$200:$G$1118,7,0) -> 192.168.1.201 | M771: Phase 8
A772: RTM Operations | B772: MD001 | C772: GTRL | D772: Gaisano Toril | E772: Mindanao 1 | F772: Jonathan San Pablo | G772: 9989748770 | H772: =VLOOKUP(C772,Stores!$A$200:$G$1118,3,0) -> Opened Stores | I772: =VLOOKUP(C772,Stores!$A$200:$G$1118,4,0) -> Stage 7 - Installed | J772: =VLOOKUP(C772,Stores!$A$200:$G$1118,5,0) -> FINGERTEC | K772: =VLOOKUP(C772,Stores!$A$200:$G$1118,6,0) -> 7417475 | L772: =VLOOKUP(C772,Stores!$A$200:$G$1118,7,0) -> 192.168.1.201 | M772: Phase 8
A773: RTM Operations | B773: MS012 | C773: JGTC | D773: J&G Town Center Mabuhay | E773: Mindanao 1 | F773: Jocejane Gazo | G773: 9171610118 | H773: =VLOOKUP(C773,Stores!$A$200:$G$1118,3,0) -> Opened Stores | I773: =VLOOKUP(C773,Stores!$A$200:$G$1118,4,0) -> Stage 7 - Installed | J773: =VLOOKUP(C773,Stores!$A$200:$G$1118,5,0) -> ZKTECO | K773: =VLOOKUP(C773,Stores!$A$200:$G$1118,6,0) -> AEYU082360210 | L773: =VLOOKUP(C773,Stores!$A$200:$G$1118,7,0) -> 192.168.1.201 | M773: Phase 8
A774: RTM Operations | B774: MS004 | C774: KMCC | D774: KMCC Kidapawan | E774: Mindanao 1 | F774: Aniceto Jayson Catacutan | G774: 9989599745 | H774: =VLOOKUP(C774,Stores!$A$200:$G$1118,3,0) -> Opened Stores | I774: =VLOOKUP(C774,Stores!$A$200:$G$1118,4,0) -> Stage 7 - Installed | J774: =VLOOKUP(C774,Stores!$A$200:$G$1118,5,0) -> ZKTECO | K774: =VLOOKUP(C774,Stores!$A$200:$G$1118,6,0) -> ZKM6245100215 | L774: =VLOOKUP(C774,Stores!$A$200:$G$1118,7,0) -> 192.168.1.201 | M774: Phase 8
A775: RTM Operations | B775: MS041 | C775: MACK | D775: Mall of Ace Koronadal | E775: Mindanao 1 | F775: Jenil Arendain | G775: 9190015299 | H775: =VLOOKUP(C775,Stores!$A$200:$G$1118,3,0) -> Opened Stores | I775: =VLOOKUP(C775,Stores!$A$200:$G$1118,4,0) -> Stage 7 - Installed | J775: =VLOOKUP(C775,Stores!$A$200:$G$1118,5,0) -> ZKTECO | K775: =VLOOKUP(C775,Stores!$A$200:$G$1118,6,0) -> PAS4252900279 | L775: =VLOOKUP(C775,Stores!$A$200:$G$1118,7,0) -> 192.168.1.201 | M775: Phase 8
A776: RTM Operations | B776: MD007 | C776: NCBH | D776: NCCC Mall Buhangin | E776: Mindanao 1 | F776: Sheryl Rumay | G776: 9989602091 | H776: =VLOOKUP(C776,Stores!$A$200:$G$1118,3,0) -> Opened Stores | I776: =VLOOKUP(C776,Stores!$A$200:$G$1118,4,0) -> Stage 7 - Installed | J776: =VLOOKUP(C776,Stores!$A$200:$G$1118,5,0) -> FINGERTEC | K776: =VLOOKUP(C776,Stores!$A$200:$G$1118,6,0) -> 7425674 | L776: =VLOOKUP(C776,Stores!$A$200:$G$1118,7,0) -> 192.168.1.201 | M776: Phase 8
A777: RTM Operations | B777: MD050 | C777: NCCP | D777: NCCC Panacan | E777: Mindanao 1 | F777: Ralph Laurenz San Miguel | G777: 639171894684 | H777: =VLOOKUP(C777,Stores!$A$200:$G$1118,3,0) -> Opened Stores | I777: =VLOOKUP(C777,Stores!$A$200:$G$1118,4,0) -> Stage 7 - Installed | J777: =VLOOKUP(C777,Stores!$A$200:$G$1118,5,0) -> ZKTECO | K777: =VLOOKUP(C777,Stores!$A$200:$G$1118,6,0) -> PAS4252500078 | L777: =VLOOKUP(C777,Stores!$A$200:$G$1118,7,0) -> 192.168.1.201 | M777: Phase 8
A778: RTM Operations | B778: MD009 | C778: NCTG | D778: NCCC Mall Tagum | E778: Mindanao 1 | F778: Chady Gellido | G778: 9171610089 | H778: =VLOOKUP(C778,Stores!$A$200:$G$1118,3,0) -> Opened Stores | I778: =VLOOKUP(C778,Stores!$A$200:$G$1118,4,0) -> Stage 7 - Installed | J778: =VLOOKUP(C778,Stores!$A$200:$G$1118,5,0) -> ZKTECO | K778: =VLOOKUP(C778,Stores!$A$200:$G$1118,6,0) -> A8N5221960315 | L778: =VLOOKUP(C778,Stores!$A$200:$G$1118,7,0) -> 192.168.1.201 | M778: Phase 8
A779: RTM Operations | B779: MD049 | C779: PGLN | D779: Puregold Lanang | E779: Mindanao 1 | F779: Ralph Laurenz San Miguel | G779: 639171894684 | H779: =VLOOKUP(C779,Stores!$A$200:$G$1118,3,0) -> Opened Stores | I779: =VLOOKUP(C779,Stores!$A$200:$G$1118,4,0) -> Stage 7 - Installed | J779: =VLOOKUP(C779,Stores!$A$200:$G$1118,5,0) -> ZKTECO | K779: =VLOOKUP(C779,Stores!$A$200:$G$1118,6,0) -> ZKM6251100012 | L779: =VLOOKUP(C779,Stores!$A$200:$G$1118,7,0) -> 192.168.1.201 | M779: Phase 8
... A789: RTM Operations | B789: MS020 | C789: ZANC | D789: Antipas North Cotabato-FS | E789: Mindanao 1 | F789: Jay Em Castor | G789: 9511449437 | H789: =VLOOKUP(C789,Stores!$A$200:$G$1118,3,0) -> Opened Stores | I789: =VLOOKUP(C789,Stores!$A$200:$G$1118,4,0) -> Stage 7 - Installed | J789: =VLOOKUP(C789,Stores!$A$200:$G$1118,5,0) -> ZKTECO | K789: =VLOOKUP(C789,Stores!$A$200:$G$1118,6,0) -> CQUJ233561244 | L789: =VLOOKUP(C789,Stores!$A$200:$G$1118,7,0) -> 192.168.1.201 | M789: Phase 8
A790: RTM Operations | B790: MD030 | C790: ZBDO | D790: Baganga Davao Oriental-FS | E790: Mindanao 1 | F790: #N/A | G790: #N/A | H790: =VLOOKUP(C790,Stores!$A$200:$G$1118,3,0) -> Opened Stores | I790: =VLOOKUP(C790,Stores!$A$200:$G$1118,4,0) -> Stage 7 - Installed | J790: =VLOOKUP(C790,Stores!$A$200:$G$1118,5,0) -> ZKTECO | K790: =VLOOKUP(C790,Stores!$A$200:$G$1118,6,0) -> CQUJ233560810 | L790: =VLOOKUP(C790,Stores!$A$200:$G$1118,7,0) -> 192.168.1.201 | M790: Phase 8
A791: RTM Operations | B791: MD035 | C791: ZBDD | D791: Bansalan Davao Del Sur - FS | E791: Mindanao 1 | F791: #N/A | G791: #N/A | H791: =VLOOKUP(C791,Stores!$A$200:$G$1118,3,0) -> Opened Stores | I791: =VLOOKUP(C791,Stores!$A$200:$G$1118,4,0) -> Stage 7 - Installed | J791: =VLOOKUP(C791,Stores!$A$200:$G$1118,5,0) -> ZKTECO | K791: =VLOOKUP(C791,Stores!$A$200:$G$1118,6,0) -> CQUJ233560838 | L791: =VLOOKUP(C791,Stores!$A$200:$G$1118,7,0) -> 192.168.1.201 | M791: Phase 8
A792: RTM Operations | B792: MD042 | C792: ZCBD | D792: Cabaguio Davao City - FS | E792: Mindanao 1 | F792: Ralph Laurenz San Miguel | G792: 639171894684 | H792: =VLOOKUP(C792,Stores!$A$200:$G$1118,3,0) -> Opened Stores | I792: =VLOOKUP(C792,Stores!$A$200:$G$1118,4,0) -> Stage 7 - Installed | J792: =VLOOKUP(C792,Stores!$A$200:$G$1118,5,0) -> ZKTECO | K792: =VLOOKUP(C792,Stores!$A$200:$G$1118,6,0) -> ZKM6245100117 | L792: =VLOOKUP(C792,Stores!$A$200:$G$1118,7,0) -> 192.168.1.201 | M792: Phase 8
A793: RTM Operations | B793: MD041 | C793: ZCDC | D793: Calinan Davao City FS | E793: Mindanao 1 | F793: April Caga-anan | G793: 9171894643 | H793: =VLOOKUP(C793,Stores!$A$200:$G$1118,3,0) -> Opened Stores | I793: =VLOOKUP(C793,Stores!$A$200:$G$1118,4,0) -> Stage 7 - Installed | J793: =VLOOKUP(C793,Stores!$A$200:$G$1118,5,0) -> ZKTECO | K793: =VLOOKUP(C793,Stores!$A$200:$G$1118,6,0) -> CQUJ233561136 | L793: =VLOOKUP(C793,Stores!$A$200:$G$1118,7,0) -> 192.168.1.201 | M793: Phase 8
A794: RTM Operations | B794: MD039 | C794: ZCDD | D794: Compostela Davao de Oro- FS | E794: Mindanao 1 | F794: Rex Cubero | G794: 9399038220 | H794: =VLOOKUP(C794,Stores!$A$200:$G$1118,3,0) -> Opened Stores | I794: =VLOOKUP(C794,Stores!$A$200:$G$1118,4,0) -> Stage 7 - Installed | J794: =VLOOKUP(C794,Stores!$A$200:$G$1118,5,0) -> ZKTECO | K794: =VLOOKUP(C794,Stores!$A$200:$G$1118,6,0) -> ZKM6245100107 | L794: =VLOOKUP(C794,Stores!$A$200:$G$1118,7,0) -> 192.168.1.201 | M794: Phase 8
A795: RTM Operations | B795: MD040 | C795: ZCDO | D795: Cateel Davao Oriental-FS | E795: Mindanao 1 | F795: Rex Cubero | G795: 9399038220 | H795: =VLOOKUP(C795,Stores!$A$200:$G$1118,3,0) -> Opened Stores | I795: =VLOOKUP(C795,Stores!$A$200:$G$1118,4,0) -> Stage 7 - Installed | J795: =VLOOKUP(C795,Stores!$A$200:$G$1118,5,0) -> ZKTECO | K795: =VLOOKUP(C795,Stores!$A$200:$G$1118,6,0) -> CQUJ232260322 | L795: =VLOOKUP(C795,Stores!$A$200:$G$1118,7,0) -> 192.168.1.201 | M795: Phase 8
A796: RTM Operations | B796: MT009 | C796: ZCDT | D796: Cotabato City Downtown-FS | E796: Mindanao 1 | F796: Reynand John Cabanalan | G796: 9702517040 | H796: =VLOOKUP(C796,Stores!$A$200:$G$1118,3,0) -> Opened Stores | I796: =VLOOKUP(C796,Stores!$A$200:$G$1118,4,0) -> Stage 7 - Installed | J796: =VLOOKUP(C796,Stores!$A$200:$G$1118,5,0) -> ZKTECO | K796: =VLOOKUP(C796,Stores!$A$200:$G$1118,6,0) -> ZKM6251700092 | L796: =VLOOKUP(C796,Stores!$A$200:$G$1118,7,0) -> 192.168.1.201 | M796: Phase 8
...

Sheet Summary of Roll Out Phase
F1: Roll Out Phase | G1: Cluster | H1: No. of Stores | I1: Date | J1: Remarks
F2: Phase 1 | G2: NCR North & East | H2: 100 | I2: 46158
F3: Phase 2 | G3: NCR North & East | H3: 9
G4: NCR South & CALAPA | H4: 80
G5: North & Central Luzon | H5: 11
F6: Phase 3 | G6: North & Central Luzon | H6: 100
F7: Phase 4 | G7: North & Central Luzon | H7: 66
G8: South Luzon | H8: 34
F9: Phase 5 | G9: South Luzon | H9: 68
G10: Visayas 1 | H10: 32
F11: Phase 6 | G11: Visayas 1 | H11: 97
G12: Visayas 2 | H12: 3
F13: Phase 7 | G13: Mindanao 1 | H13: 15
G14: Visayas 2 | H14: 85
F15: Phase 8 | G15: Mindanao 1 | H15: 84
G16: Mindanao 2 | H16: 16
F17: Phase 9 | G17: Mindanao 2 | H17: 108
F18: Phase 10 | G18: Mindanao 1 | H18: 10 | J18: Tagged as no internet yet
G19: Mindanao 2 | H19: 11
G20: NCR North & East | H20: 10
G21: NCR South & CALAPA | H21: 10
G22: North & Central Luzon | H22: 6
G23: South Luzon | H23: 3
G24: Visayas 1 | H24: 9
G25: Visayas 2 | H25: 7
